{
    "loss": 1.0013772249221802,
    "accuracy": 0.5869918465614319
}