{
    "loss": 1.285967230796814,
    "accuracy": 0.4000000059604645
}